id,first_name,last_name,email,job_title,street_address,city,state,country,zip_code
1,Sari,Shortan,sshortan0@bluehost.com,Research Assistant III,33 Browning Lane,Asheville,North Carolina,United States,28815
2,Emelda,Losseljong,elosseljong1@narod.ru,GIS Technical Architect,856 Dahle Place,Savannah,Georgia,United States,31422
3,Rocky,Wrennall,rwrennall2@hhs.gov,Desktop Support Technician,739 La Follette Lane,Cincinnati,Ohio,United States,45249
4,Cassius,McCartan,cmccartan3@yellowpages.com,Assistant Manager,63514 Fairview Place,Richmond,Virginia,United States,23237
5,Cristian,Ivermee,civermee4@sitemeter.com,Marketing Manager,1783 Mosinee Pass,Topeka,Kansas,United States,66617
6,Alfy,Sessions,asessions5@artisteer.com,Chief Design Engineer,06120 Michigan Junction,Arlington,Texas,United States,76011
7,Adria,Vaan,avaan6@wordpress.com,Professor,7 Sloan Point,Colorado Springs,Colorado,United States,80945
8,Cecelia,Orbell,corbell7@harvard.edu,Assistant Manager,152 Clyde Gallagher Road,Sacramento,California,United States,95813
9,Mendy,Brumham,mbrumham8@webs.com,Editor,48016 Menomonie Alley,Saint Petersburg,Florida,United States,33715
10,Camilla,Weddell,cweddell9@xinhuanet.com,Systems Administrator I,2 Cottonwood Circle,Albuquerque,New Mexico,United States,87105
11,Mattias,Binstead,mbinsteada@zdnet.com,VP Product Management,3342 Becker Crossing,Madison,Wisconsin,United States,53710
12,Jaye,Corish,jcorishb@google.es,Office Assistant I,9564 American Road,Corpus Christi,Texas,United States,78410
13,Florenza,Swindin,fswindinc@slashdot.org,Pharmacist,066 International Lane,Chicago,Illinois,United States,60614
14,Cissy,Gudgin,cgudgind@google.ru,Developer IV,6 Meadow Ridge Crossing,Cleveland,Ohio,United States,44185
15,Susanne,Twentyman,stwentymane@phpbb.com,Account Representative III,5 Independence Point,Miami,Florida,United States,33175
16,Robbert,Cawdron,rcawdronf@51.la,Business Systems Development Analyst,40 Butterfield Road,Kansas City,Missouri,United States,64187
17,Netty,Craddy,ncraddyg@addtoany.com,Associate Professor,7 Sheridan Point,Evansville,Indiana,United States,47719
18,Garrett,Benard,gbenardh@ft.com,Accountant IV,9 Eagle Crest Alley,Jacksonville,Florida,United States,32236
19,Hodge,Stefanovic,hstefanovici@timesonline.co.uk,Computer Systems Analyst III,2052 Transport Trail,Pensacola,Florida,United States,32575
20,Leoine,Hunter,lhunterj@creativecommons.org,Technical Writer,757 Northwestern Place,Shreveport,Louisiana,United States,71115
21,Guenevere,Worssam,gworssamk@nyu.edu,Pharmacist,5533 Leroy Center,Albany,Georgia,United States,31704
22,Denna,Malim,dmaliml@tiny.cc,VP Sales,81 Rutledge Circle,Greeley,Colorado,United States,80638
23,Christina,Clipsham,cclipshamm@macromedia.com,Recruiter,56956 Dixon Parkway,Brooklyn,New York,United States,11254
24,Codi,Brecken,cbreckenn@usda.gov,Electrical Engineer,91 Cottonwood Point,Knoxville,Tennessee,United States,37914
25,Benjamin,Jarrett,bjarretto@oakley.com,Research Associate,39644 Larry Drive,Knoxville,Tennessee,United States,37995
26,Hyatt,Botwright,hbotwrightp@technorati.com,Pharmacist,097 Nelson Point,Washington,District of Columbia,United States,20530
27,Rodi,Gullane,rgullaneq@csmonitor.com,Business Systems Development Analyst,9 Rieder Alley,Flushing,New York,United States,11388
28,Cory,Godson,cgodsonr@newyorker.com,Automation Specialist II,51422 Hanson Street,Orlando,Florida,United States,32891
29,Aldric,Snowding,asnowdings@hatena.ne.jp,Community Outreach Specialist,390 Lake View Drive,Erie,Pennsylvania,United States,16565
30,Antonella,Abden,aabdent@bbc.co.uk,Software Consultant,881 Surrey Pass,Dallas,Texas,United States,75372
31,Aristotle,Ellicombe,aellicombeu@paginegialle.it,Sales Representative,73275 Nelson Point,Palatine,Illinois,United States,60078
32,Carie,Daldan,cdaldanv@bbc.co.uk,Assistant Professor,3 Grasskamp Center,Gatesville,Texas,United States,76598
33,Linda,Stollhofer,lstollhoferw@lycos.com,VP Product Management,17 Sauthoff Parkway,Amarillo,Texas,United States,79176
34,Dolores,Dubery,dduberyx@google.com.au,Operator,080 Anzinger Trail,Austin,Texas,United States,78759
35,Gaye,Farlow,gfarlowy@123-reg.co.uk,Structural Analysis Engineer,4 Tony Alley,Rockford,Illinois,United States,61105
36,Rubetta,Bartosik,rbartosikz@google.pl,Associate Professor,28 Blue Bill Park Court,Los Angeles,California,United States,90040
37,Shirley,Pech,spech10@ucoz.com,Office Assistant I,362 Oxford Terrace,Baton Rouge,Louisiana,United States,70836
38,Clementina,Roncelli,croncelli11@example.com,Assistant Media Planner,86 Surrey Street,Shawnee Mission,Kansas,United States,66286
39,Cameron,Macias,cmacias12@prnewswire.com,Analog Circuit Design manager,7147 Hallows Trail,Springfield,Illinois,United States,62756
40,Roger,Watkinson,rwatkinson13@phoca.cz,Product Engineer,501 2nd Way,Wilkes Barre,Pennsylvania,United States,18706
41,Shana,Bliven,sbliven14@hugedomains.com,Electrical Engineer,3126 Victoria Way,Pensacola,Florida,United States,32590
42,William,Farquarson,wfarquarson15@sogou.com,Engineer II,6 Steensland Way,Baltimore,Maryland,United States,21239
43,Pembroke,Signoret,psignoret16@about.com,Automation Specialist I,171 Comanche Park,Raleigh,North Carolina,United States,27690
44,Estrella,McCarlich,emccarlich17@infoseek.co.jp,Food Chemist,5 Sachtjen Way,Austin,Texas,United States,78732
45,Vikki,Drewell,vdrewell18@cocolog-nifty.com,Information Systems Manager,0 Meadow Valley Center,Orlando,Florida,United States,32835
46,Arly,Zimmerman,azimmerman19@hc360.com,Business Systems Development Analyst,522 Di Loreto Court,Des Moines,Iowa,United States,50320
47,Haily,Jacobs,hjacobs1a@dedecms.com,Nurse Practicioner,3 Manley Court,Tampa,Florida,United States,33673
48,Danya,Rochewell,drochewell1b@cnbc.com,Recruiter,98661 Oneill Court,Portland,Oregon,United States,97211
49,Shae,Goacher,sgoacher1c@mlb.com,VP Quality Control,465 Canary Way,Anniston,Alabama,United States,36205
50,Teena,Farfull,tfarfull1d@imgur.com,Statistician III,27638 4th Parkway,Detroit,Michigan,United States,48206
